{
  "nominal_coverage": 0.8999999999999999,
  "picp": 0.7139840182648401,
  "quantiles": [
    0.05,
    0.5,
    0.95
  ]
}